Original,New
Datasets/CANDID/Images/6.9.40.671009.61.2.2.8.16082272357.3599132170074.3.jpg,image_1.png
Datasets/CANDID/Images/0.7.38.139040.44.1.5.3.119218029993450.5593519175506.1.jpg,image_2.png
Datasets/CANDID/Images/8.9.30.080491.33.8.3.5.97432523989.0900003747219.7.jpg,image_3.png
Datasets/CANDID/Images/3.5.41.829196.33.8.3.2.18710533313129.8517570361169.8.jpg,image_4.png
Datasets/CANDID/Images/3.0.31.533306.83.2.1.7.39983797946.9558103866324.3.jpg,image_5.png
Datasets/CANDID/Images/6.5.77.075723.63.3.8.2.32955742259.5986344775925.9.jpg,image_6.png
Datasets/CANDID/Images/5.4.36.133708.75.3.4.2.88568334095.2770852738310.7.jpg,image_7.png
Datasets/CANDID/Images/8.8.77.611010.58.0.3.1.949681922771483.4500385126225.4.jpg,image_8.png
Datasets/CANDID/Images/0.2.04.425394.89.5.0.9.16154914683.1391372199746.9.jpg,image_9.png
Datasets/CANDID/Images/2.6.82.591742.15.8.3.5.20190163287.5013053987463.3.jpg,image_10.png
Datasets/CANDID/Images/0.3.81.149238.46.8.7.6.76477424244.3942899860186.8.jpg,image_11.png
Datasets/CANDID/Images/8.2.26.644475.99.8.6.7.99099004083.9509659304558.5.jpg,image_12.png
Datasets/CANDID/Images/2.2.35.636878.70.0.9.5.11154677465.3024248727552.9.jpg,image_13.png
Datasets/CANDID/Images/9.3.754.191852.0.752.3.3593516387.9542932261.35572.jpg,image_14.png
Datasets/CANDID/Images/8.8.83.726179.56.8.1.4.671555099611879.1932486759135.2.jpg,image_15.png
Datasets/CANDID/Images/2.2.97.487762.59.4.8.9.551471620642412.9912138971155.2.jpg,image_16.png
Datasets/CANDID/Images/8.0.06.903109.09.9.1.0.815403969612406.4671501562951.4.jpg,image_17.png
Datasets/CANDID/Images/7.4.821.977967.8.223.3.9004901527.1444561809.504364.jpg,image_18.png
Datasets/CANDID/Images/1.5.46.421669.18.0.9.2.622347884189486.2482474840259.6.jpg,image_19.png
Datasets/CANDID/Images/8.6.62.906428.33.7.4.6.679656697037703.1527316416642.8.jpg,image_20.png
Datasets/CANDID/Images/0.8.71.054903.69.9.1.5.502503655356095.5360254312941.2.jpg,image_21.png
Datasets/CANDID/Images/6.8.94.521778.44.3.1.2.74250093262.5620028614577.3.jpg,image_22.png
Datasets/CANDID/Images/9.7.65.619038.47.3.0.8.21018740029.8856230165833.7.jpg,image_23.png
Datasets/CANDID/Images/7.4.42.491097.13.1.9.0.85422025932.2626267342781.4.jpg,image_24.png
Datasets/CANDID/Images/1.0.838.250322.8.463.2.8126452993.0633498328.030504.jpg,image_25.png
Datasets/CANDID/Images/9.5.49.529509.23.8.0.1.18541992834.7151844121016.9.jpg,image_26.png
Datasets/CANDID/Images/0.4.01.462491.00.5.4.8.176763641110085.0767674162999.3.jpg,image_27.png
Datasets/CANDID/Images/6.1.81.478158.58.0.8.0.147691041488033.8472241923689.3.jpg,image_28.png
Datasets/CANDID/Images/6.1.74.279033.16.4.9.0.471976038227725.5995579214161.7.jpg,image_29.png
Datasets/CANDID/Images/9.5.46.444200.33.0.6.4.94001999106.5551390019007.2.jpg,image_30.png
